Wavelength (nm) +- 2,V (V) +- .005,I (pA),uncertainty in I (.0001 default)
577,0,0.0509,
577,1,0.0445,
577,2,0.0344,
577,3,0.0191,
577,3.5,0.0107,
577,4,0.0045,
577,4.5,0.0012,
577,5,0.0007,
577,4.25,0.0024,
577,4.75,0.0008,
577,3.75,0.0076,
577,3.25,0.0151,
577,5.5,0.0008,
365,0,0.0802,
365,2,0.0511,
365,4,0.017,
365,6,0.0007,
365,5,0.005,
365,4.5,0.0101,
365,5.5,0.0019,
365,4.25,0.0135,
365,4.75,0.0073,
365,5.25,0.0032,
365,5.75,0.0011,
365,6.5,0.0006,
546,0,0.0758,
546,2,0.0528,
546,4,0.0106,
546,5,0.001,
546,5.5,0.0009,
546,4.5,0.0036,
546,3.5,0.0213,
546,4.75,0.0017,
546,3.75,0.0159,
546,4.25,0.0067,
546,3,0.0322,
546,3.25,0.0267,
546,5.25,0.0009,
435,0,0.0915,
435,2,0.0608,
435,4,0.0174,
435,6,0.0008,
435,5,0.0034,
435,4.5,0.009,
435,5.5,0.001,
435,4.25,0.013,
435,4.75,0.006,
435,5.25,0.0018,
435,3.5,0.028,
435,3.75,0.0225,
405,0,0.0762,
405,2,0.0502,
405,4,0.0156,
405,6,0.0007,
405,5,0.0039,
405,4.5,0.0089,
405,5.5,0.0013,
405,4.25,0.0122,
405,4.75,0.0061,
405,5.25,0.0023,
405,3.5,0.0244,
405,3.75,0.0201,
405,5.75,0.0009,